{

	"0":{
		"0":{
			"color": 0
		},
		"1":{
			"0":{
				"0": {
					"color": 1
				},
				"1": {
					"color": 2
				}
			},
			"1":{
				"color": 3
			}
		}
	},
	"1":{
		"0":{
			"0": {
				"color": 1
			},
			"1": {
				"0":{
					"0":{
						"color": 0
					},
					"1":{
						"0":{
							"0": {
								"color": 1
							},
							"1": {
								"color": 2
							}
						},
						"1":{
							"color": 3
						}
					}
				},
				"1":{
					"0":{
						"0": {
							"color": 1
						},
						"1": {
							"color": 2
						}
					},
					"1":{
						"color": 3
					}
				}
			}
		},
		"1":{
			"color": 3
		}
	}

}

